iter	Logloss
0	0.6858271281
1	0.6771863302
2	0.6750314077
3	0.6701585134
4	0.6623390198
5	0.6540404002
6	0.6450708389
7	0.6403143565
8	0.6345137278
9	0.6337600072
