iter	Logloss
0	0.6774775187
1	0.6594777425
2	0.6558128357
3	0.6455116908
4	0.6361420949
5	0.631557401
6	0.6170293808
7	0.6131739299
8	0.6079994202
9	0.5972475688
