iter	Logloss
0	0.5762834167
1	0.5044644165
2	0.4567841339
3	0.4067961884
4	0.3631119537
5	0.3332299805
6	0.3091588974
7	0.2884886932
8	0.2752505112
9	0.2579003525
